passage,n_cells,n_images,n_datasets,accuracy,macro_f1,balanced_accuracy,quadratic_weighted_kappa
P10,385,11,4,0.6753246753246753,0.5870551994577016,0.6468964557431806,0.20835321017913833
P11,32,2,1,0.46875,0.4231177094379639,0.5222222222222221,0.021582733812949617
P12,21,2,1,0.23809523809523808,0.19230769230769232,0.3125,-0.30232558139534893
P13,51,2,1,0.29411764705882354,0.22727272727272727,0.375,-0.2031454783748361
P14,45,10,3,0.6888888888888889,0.6213942307692308,0.6185344827586207,0.2588235294117647
P6,588,9,3,0.7108843537414966,0.6091403903903904,0.7182409233691285,0.26397172520432965
P7,202,2,1,0.7821782178217822,0.5439244663382594,0.5797101449275363,0.10619469026548678
P8,69,2,1,0.6521739130434783,0.5996131528046421,0.6209150326797386,0.2114285714285713
P9,102,2,1,0.7941176470588235,0.48546721114580826,0.5,0.0
