passage,n_cells,n_images,n_datasets,accuracy,macro_f1,balanced_accuracy,quadratic_weighted_kappa
P10,367,11,4,0.7057220708446866,0.6241180487064715,0.7072977260708619,0.2834622893918578
P11,106,2,1,0.5094339622641509,0.4913252122554448,0.4913252122554448,-0.017349575489110203
P12,117,2,1,0.6410256410256411,0.61,0.6084993773349938,0.22098922003804689
P13,123,2,1,0.6829268292682927,0.6000166763945635,0.5975609756097561,0.21476510067114096
P14,37,11,3,0.5945945945945946,0.4688995215311005,0.5062111801242236,0.014209591474245165
P6,541,8,3,0.6561922365988909,0.5432734204793028,0.6183786078098472,0.1425869120654396
P7,98,2,1,0.7959183673469388,0.5833333333333333,0.6611111111111111,0.19141914191419152
P8,76,2,1,0.7894736842105263,0.6833333333333333,0.793939393939394,0.38955823293172687
P9,97,2,1,0.7216494845360825,0.6408885232414644,0.6593939393939394,0.2865704167801688
