model,split,status,reason,accuracy,macro_f1,balanced_accuracy,quadratic_weighted_kappa
logreg,val,ok,,0.6876254180602007,0.6005512006092157,0.6735104669887279,0.23801993121972032
logreg,test,ok,,0.6766965428937259,0.5980305376732031,0.632535615063958,0.21422779534320313
rf,val,ok,,0.8494983277591973,0.6368573954780852,0.6104157517200995,0.2920760927440825
rf,test,ok,,0.8066581306017926,0.587941998602376,0.5789176570353771,0.21350232919513557
