passage,n_cells,n_images,n_datasets,accuracy,macro_f1,balanced_accuracy,quadratic_weighted_kappa
P10,367,11,4,0.8283378746594006,0.5628722137144802,0.5561872025383395,0.15527382996602235
P11,106,2,1,0.5660377358490566,0.4285044538209095,0.49095607235142114,-0.02051067392214323
P12,117,2,1,0.6666666666666666,0.5365159979685119,0.5703611457036114,0.16535577098957377
P13,123,2,1,0.6991869918699187,0.5134181546028013,0.5548780487804879,0.13953488372093026
P14,37,11,3,0.43243243243243246,0.43243243243243246,0.45962732919254656,-0.07172413793103449
P6,541,8,3,0.8798521256931608,0.6450883620472139,0.6108941709111488,0.30833382506244955
P7,98,2,1,0.9285714285714286,0.5923945335710041,0.5625,0.20785219399538102
P8,76,2,1,0.9078947368421053,0.7055893746541229,0.65,0.4267241379310345
P9,97,2,1,0.8247422680412371,0.6342869815923708,0.6136363636363636,0.3126302626094206
