passage,n_cells,n_images,n_datasets,accuracy,macro_f1,balanced_accuracy,quadratic_weighted_kappa
P10,385,11,4,0.8415584415584415,0.6047693576345063,0.5861245128966412,0.2402381029407008
P11,32,2,1,0.71875,0.5656108597285068,0.5888888888888889,0.1428571428571429
P12,21,2,1,0.7142857142857143,0.6785714285714286,0.6730769230769231,0.36363636363636365
P13,51,2,1,0.5490196078431373,0.48484848484848486,0.4959677419354839,-0.008598452278589797
P14,45,10,3,0.7111111111111111,0.7105393369619001,0.7618534482758621,0.45378151260504196
P6,588,9,3,0.8775510204081632,0.6329588014981273,0.6022353714661407,0.28401826484018255
P7,202,2,1,0.900990099009901,0.5192765349833413,0.5196256038647343,0.0604651162790697
P8,69,2,1,0.7536231884057971,0.48120300751879697,0.5277777777777778,0.08000000000000007
P9,102,2,1,0.9607843137254902,0.7397959183673469,0.6666666666666666,0.48484848484848486
