P,n_cells,n_images,accuracy,macro_f1,balanced_accuracy,quadratic_weighted_kappa
6.0,511,9,0.8610567514677103,0.5880202123431556,0.5711494048676498,0.20944370601181017
7.0,72,1,0.7777777777777778,0.4375,0.4745762711864407,-0.07262569832402233
8.0,32,1,0.84375,0.5989974937343359,0.5833333333333334,0.24528301886792447
9.0,54,1,0.8333333333333334,0.6516129032258065,0.6247357293868921,0.3268698060941828
10.0,279,10,0.8172043010752689,0.6651763653904981,0.6398274622573688,0.3534917533736198
11.0,14,1,0.7857142857142857,0.7846153846153847,0.7916666666666667,0.5714285714285714
12.0,36,1,0.6111111111111112,0.5785953177257526,0.577922077922078,0.16000000000000003
13.0,2,1,0.0,0.0,0.0,-1.0
14.0,37,10,0.5675675675675675,0.5515151515151515,0.5867647058823529,0.16619718309859155
