P,n_cells,n_images,accuracy,macro_f1,balanced_accuracy,quadratic_weighted_kappa
6.0,511,9,0.8551859099804305,0.5580411407199626,0.5519186356368805,0.15646470955652725
7.0,72,1,0.7916666666666666,0.4418604651162791,0.4830508474576271,-0.05058365758754868
8.0,32,1,0.875,0.7142857142857143,0.6666666666666666,0.4482758620689655
9.0,54,1,0.8148148148148148,0.5896656534954408,0.5792811839323467,0.21739130434782616
10.0,279,10,0.8172043010752689,0.6460887949260042,0.6237598849748383,0.3261188728392138
11.0,14,1,0.5714285714285714,0.5333333333333333,0.625,0.2222222222222221
12.0,36,1,0.5,0.4581939799331104,0.461038961038961,-0.07999999999999985
13.0,2,1,0.0,0.0,0.0,-1.0
14.0,37,10,0.6486486486486487,0.6476190476190475,0.6573529411764706,0.30791366906474815
