P,n_cells,n_images,accuracy,macro_f1,balanced_accuracy,quadratic_weighted_kappa
6.0,511,9,0.8434442270058709,0.5925039872408293,0.5765233611653935,0.201843102034441
7.0,72,1,0.7638888888888888,0.4846315789473684,0.49608865710560623,-0.00990099009900991
8.0,32,1,0.875,0.762962962962963,0.7307692307692308,0.5294117647058824
9.0,54,1,0.8518518518518519,0.7065217391304348,0.6701902748414377,0.42705570291777184
10.0,279,10,0.7956989247311828,0.6384449244060475,0.620452911574407,0.2964830789648307
11.0,14,1,0.6428571428571429,0.641025641025641,0.6666666666666667,0.31372549019607854
12.0,36,1,0.4444444444444444,0.4285714285714286,0.4285714285714286,-0.13924050632911378
13.0,2,1,0.0,0.0,0.0,-1.0
14.0,37,10,0.6486486486486487,0.6486486486486487,0.6529411764705882,0.3018867924528301
