P,n_cells,n_images,accuracy,macro_f1,balanced_accuracy,quadratic_weighted_kappa
6.0,511,9,0.8571428571428571,0.5989830253383644,0.5793509800438207,0.22322637069737417
7.0,72,1,0.7777777777777778,0.4375,0.4745762711864407,-0.07262569832402233
8.0,32,1,0.90625,0.806060606060606,0.75,0.6190476190476191
9.0,54,1,0.8333333333333334,0.6516129032258065,0.6247357293868921,0.3268698060941828
10.0,279,10,0.8136200716845878,0.6492263056092843,0.6267792954708843,0.3271496150635377
11.0,14,1,0.5714285714285714,0.5625,0.6041666666666667,0.1923076923076923
12.0,36,1,0.4722222222222222,0.45148356054530875,0.4512987012987013,-0.09615384615384626
13.0,2,1,0.0,0.0,0.0,-1.0
14.0,37,10,0.6216216216216216,0.6213450292397661,0.6279411764705882,0.25144508670520227
