P,n_cells,n_images,accuracy,macro_f1,balanced_accuracy,quadratic_weighted_kappa
6.0,511,9,0.8473581213307241,0.567700650759219,0.5578107419908805,0.1638415708651505
7.0,72,1,0.75,0.42857142857142855,0.4576271186440678,-0.11149228130360211
8.0,32,1,0.90625,0.806060606060606,0.75,0.6190476190476191
9.0,54,1,0.8148148148148148,0.5896656534954408,0.5792811839323467,0.21739130434782616
10.0,279,10,0.8064516129032258,0.6140090182414429,0.6006829618979153,0.2710470292239211
11.0,14,1,0.6428571428571429,0.625668449197861,0.6875,0.3396226415094339
12.0,36,1,0.4722222222222222,0.437037037037037,0.4383116883116883,-0.125
13.0,2,1,0.0,0.0,0.0,-1.0
14.0,37,10,0.6216216216216216,0.5978260869565217,0.6455882352941176,0.276536312849162
