P,n_cells,n_images,accuracy,macro_f1,balanced_accuracy,quadratic_weighted_kappa
6.0,511,9,0.8571428571428571,0.5596959431545898,0.5530733700479659,0.16122141524070788
7.0,72,1,0.8055555555555556,0.4461538461538462,0.4915254237288136,-0.02647657841140516
8.0,32,1,0.875,0.7142857142857143,0.6666666666666666,0.4482758620689655
9.0,54,1,0.8148148148148148,0.5896656534954408,0.5792811839323467,0.21739130434782616
10.0,279,10,0.8100358422939068,0.6172839506172839,0.603019410496046,0.2793508455577757
11.0,14,1,0.7857142857142857,0.7846153846153847,0.8125,0.5882352941176471
12.0,36,1,0.6944444444444444,0.6067527308838133,0.6201298701298701,0.2720588235294118
13.0,2,1,0.0,0.0,0.0,-1.0
14.0,37,10,0.4864864864864865,0.4849816849816849,0.49411764705882355,-0.011510791366906581
