P,n_cells,n_images,accuracy,macro_f1,balanced_accuracy,quadratic_weighted_kappa
6.0,511,9,0.8512720156555773,0.5787852494577006,0.5653757328122224,0.18528153058655694
7.0,72,1,0.7638888888888888,0.4846315789473684,0.49608865710560623,-0.00990099009900991
8.0,32,1,0.875,0.7142857142857143,0.6666666666666666,0.4482758620689655
9.0,54,1,0.8333333333333334,0.6516129032258065,0.6247357293868921,0.3268698060941828
10.0,279,10,0.8100358422939068,0.6322099241387886,0.6137311286843997,0.29969216197016335
11.0,14,1,0.5714285714285714,0.5333333333333333,0.625,0.2222222222222221
12.0,36,1,0.5277777777777778,0.4791489361702128,0.48376623376623373,-0.033783783783783994
13.0,2,1,0.0,0.0,0.0,-1.0
14.0,37,10,0.6756756756756757,0.6696428571428572,0.6911764705882353,0.3693181818181819
