P,n_cells,n_images,accuracy,macro_f1,balanced_accuracy,quadratic_weighted_kappa
6.0,511,9,0.8610567514677103,0.6294264848577703,0.6026825368626755,0.2765936235120531
7.0,72,1,0.7916666666666666,0.4418604651162791,0.4830508474576271,-0.05058365758754868
8.0,32,1,0.875,0.7142857142857143,0.6666666666666666,0.4482758620689655
9.0,54,1,0.8703703703703703,0.755656108597285,0.7156448202959831,0.5190839694656488
10.0,279,10,0.8100358422939068,0.6520460267783609,0.6297987059669303,0.32813848880003627
11.0,14,1,0.6428571428571429,0.641025641025641,0.6666666666666667,0.31372549019607854
12.0,36,1,0.5555555555555556,0.5324675324675324,0.5324675324675324,0.06493506493506496
13.0,2,1,0.0,0.0,0.0,-1.0
14.0,37,10,0.6216216216216216,0.6213450292397661,0.6235294117647059,0.2448979591836734
