P,n_cells,n_images,accuracy,macro_f1,balanced_accuracy,quadratic_weighted_kappa
6.0,511,9,0.8454011741682974,0.5943507139483706,0.577678095576479,0.20631893517881383
7.0,72,1,0.7361111111111112,0.424,0.4491525423728814,-0.12871287128712883
8.0,32,1,0.9375,0.8814814814814815,0.8333333333333333,0.7647058823529411
9.0,54,1,0.8703703703703703,0.755656108597285,0.7156448202959831,0.5190839694656488
10.0,279,10,0.7921146953405018,0.6289893617021276,0.6127606038820992,0.2793908086925544
11.0,14,1,0.6428571428571429,0.641025641025641,0.6666666666666667,0.31372549019607854
12.0,36,1,0.4722222222222222,0.45148356054530875,0.4512987012987013,-0.09615384615384626
13.0,2,1,0.0,0.0,0.0,-1.0
14.0,37,10,0.6486486486486487,0.6444937176644494,0.6617647058823529,0.3138373751783168
