P,n_cells,n_images,accuracy,macro_f1,balanced_accuracy,quadratic_weighted_kappa
6.0,511,9,0.6888454011741683,0.5778768372325005,0.6429650026647717,0.19205870946570813
7.0,72,1,0.625,0.4450471024835855,0.44132985658409385,-0.1020408163265305
8.0,32,1,0.6875,0.6135265700483092,0.6794871794871795,0.2592592592592593
9.0,54,1,0.7777777777777778,0.7107142857142856,0.7589852008456659,0.4305799648506151
10.0,279,10,0.6236559139784946,0.5754655459749294,0.6207764198418404,0.18658892128279891
11.0,14,1,0.5714285714285714,0.36363636363636365,0.5,0.0
12.0,36,1,0.3888888888888889,0.28,0.5,0.0
13.0,2,1,0.5,0.3333333333333333,0.5,0.0
14.0,37,10,0.5135135135135135,0.4178321678321678,0.4838235294117647,-0.03416149068322971
