P,n_cells,n_images,accuracy,macro_f1,balanced_accuracy,quadratic_weighted_kappa
6.0,511,9,0.8512720156555773,0.5547964049889949,0.5496091668147095,0.14717378892353639
7.0,72,1,0.7916666666666666,0.4418604651162791,0.4830508474576271,-0.05058365758754868
8.0,32,1,0.90625,0.806060606060606,0.75,0.6190476190476191
9.0,54,1,0.8333333333333334,0.6516129032258065,0.6247357293868921,0.3268698060941828
10.0,279,10,0.8100358422939068,0.6249334178820546,0.6083752695902229,0.2896670990056204
11.0,14,1,0.5714285714285714,0.5333333333333333,0.625,0.2222222222222221
12.0,36,1,0.5555555555555556,0.5183946488294314,0.5194805194805194,0.040000000000000036
13.0,2,1,0.0,0.0,0.0,-1.0
14.0,37,10,0.6486486486486487,0.6391597899474869,0.6661764705882353,0.3196605374823197
