P,n_cells,n_images,accuracy,macro_f1,balanced_accuracy,quadratic_weighted_kappa
6.0,511,9,0.8454011741682974,0.61297157375006,0.5934446615739918,0.23822014228294308
7.0,72,1,0.75,0.5171385991058122,0.5176010430247718,0.040000000000000036
8.0,32,1,0.9375,0.8814814814814815,0.8333333333333333,0.7647058823529411
9.0,54,1,0.8518518518518519,0.7333333333333334,0.7040169133192389,0.4718826405867971
10.0,279,10,0.7992831541218638,0.6640866873065016,0.6442127965492451,0.33930987821380243
11.0,14,1,0.8571428571428571,0.8444444444444444,0.8333333333333333,0.6956521739130435
12.0,36,1,0.4722222222222222,0.47181467181467185,0.5032467532467533,0.005813953488372103
13.0,2,1,0.0,0.0,0.0,-1.0
14.0,37,10,0.5675675675675675,0.5647058823529412,0.5647058823529412,0.12941176470588234
