P,n_cells,n_images,accuracy,macro_f1,balanced_accuracy,quadratic_weighted_kappa
6.0,511,9,0.8590998043052838,0.5782281731474688,0.5647391484573933,0.19205937898019232
7.0,72,1,0.7777777777777778,0.4375,0.4745762711864407,-0.07262569832402233
8.0,32,1,0.875,0.7142857142857143,0.6666666666666666,0.4482758620689655
9.0,54,1,0.8148148148148148,0.5896656534954408,0.5792811839323467,0.21739130434782616
10.0,279,10,0.8100358422939068,0.6391390292115089,0.6190869877785766,0.3094381917526736
11.0,14,1,0.7857142857142857,0.7846153846153847,0.7916666666666667,0.5714285714285714
12.0,36,1,0.5833333333333334,0.5404255319148936,0.5422077922077922,0.08783783783783772
13.0,2,1,0.0,0.0,0.0,-1.0
14.0,37,10,0.6216216216216216,0.6075757575757575,0.6411764705882352,0.2704225352112676
