P,n_cells,n_images,accuracy,macro_f1,balanced_accuracy,quadratic_weighted_kappa
6.0,511,9,0.8571428571428571,0.5989830253383644,0.5793509800438207,0.22322637069737417
7.0,72,1,0.8055555555555556,0.4461538461538462,0.4915254237288136,-0.02647657841140516
8.0,32,1,0.90625,0.806060606060606,0.75,0.6190476190476191
9.0,54,1,0.8518518518518519,0.7065217391304348,0.6701902748414377,0.42705570291777184
10.0,279,10,0.8172043010752689,0.6527564243356029,0.6291157440690152,0.33549712791295005
11.0,14,1,0.7857142857142857,0.7846153846153847,0.8125,0.5882352941176471
12.0,36,1,0.5555555555555556,0.5183946488294314,0.5194805194805194,0.040000000000000036
13.0,2,1,0.0,0.0,0.0,-1.0
14.0,37,10,0.6216216216216216,0.6213450292397661,0.6235294117647059,0.2448979591836734
