P,n_cells,n_images,accuracy,macro_f1,balanced_accuracy,quadratic_weighted_kappa
6.0,511,9,0.821917808219178,0.5852753623188406,0.5743323266417955,0.17759934916789
7.0,72,1,0.7638888888888888,0.4330708661417323,0.4661016949152542,-0.09285714285714275
8.0,32,1,0.875,0.762962962962963,0.7307692307692308,0.5294117647058824
9.0,54,1,0.7037037037037037,0.6447368421052632,0.7124735729386893,0.31753554502369663
10.0,279,10,0.46236559139784944,0.4572829131652661,0.5745506829618979,0.09017783381886157
11.0,14,1,0.5714285714285714,0.36363636363636365,0.5,0.0
12.0,36,1,0.3888888888888889,0.28,0.5,0.0
13.0,2,1,0.5,0.3333333333333333,0.5,0.0
14.0,37,10,0.5135135135135135,0.3392857142857143,0.475,-0.053797468354430444
