P,n_cells,n_images,accuracy,macro_f1,balanced_accuracy,quadratic_weighted_kappa
6.0,531,10,0.903954802259887,0.6047550243005385,0.5770440251572327,0.22667694680030848
7.0,176,2,0.9034090909090909,0.6045989163472975,0.5757626550452565,0.23203285420944553
8.0,90,2,0.8,0.5339470655926352,0.5382755842062852,0.10497237569060791
9.0,67,2,0.746268656716418,0.5538582060321191,0.575,0.19845179451090766
10.0,366,13,0.8415300546448088,0.5742137355584083,0.564356960950764,0.18604294478527617
11.0,200,2,0.615,0.5981105978757275,0.6217830882352942,0.21588594704684305
12.0,116,2,0.7241379310344828,0.6138160632542655,0.6106739651043449,0.25848981222532963
13.0,102,2,0.6764705882352942,0.5568136932192231,0.5732323232323232,0.17134416543574593
14.0,33,11,0.45454545454545453,0.4540441176470588,0.45588235294117646,-0.08791208791208782
