P,n_cells,n_images,accuracy,macro_f1,balanced_accuracy,quadratic_weighted_kappa
6.0,511,9,0.8532289628180039,0.5728615213151296,0.5612749452241369,0.17762804969637147
7.0,72,1,0.7777777777777778,0.4375,0.4745762711864407,-0.07262569832402233
8.0,32,1,0.9375,0.8814814814814815,0.8333333333333333,0.7647058823529411
9.0,54,1,0.8148148148148148,0.5896656534954408,0.5792811839323467,0.21739130434782616
10.0,279,10,0.8100358422939068,0.6322099241387886,0.6137311286843997,0.29969216197016335
11.0,14,1,0.6428571428571429,0.625668449197861,0.6875,0.3396226415094339
12.0,36,1,0.5,0.474025974025974,0.474025974025974,-0.051948051948051965
13.0,2,1,0.0,0.0,0.0,-1.0
14.0,37,10,0.5675675675675675,0.5403726708074534,0.5911764705882353,0.17318435754189943
