P,n_cells,n_images,accuracy,macro_f1,balanced_accuracy,quadratic_weighted_kappa
6.0,531,10,0.9020715630885122,0.6023617511520738,0.5759958071278826,0.22092432706957843
7.0,176,2,0.8977272727272727,0.5636363636363636,0.5494468655715723,0.15699840340606708
8.0,90,2,0.8111111111111111,0.4998365478914678,0.5225624496373892,0.06820950060901354
9.0,67,2,0.7313432835820896,0.510551948051948,0.55,0.13486370157819227
10.0,366,13,0.8278688524590164,0.5530269253881792,0.5497134974533107,0.1398194434081922
11.0,200,2,0.7,0.49186991869918695,0.5395220588235294,0.10287081339712911
12.0,116,2,0.7327586206896551,0.5575243017103482,0.5810810810810811,0.20862676056338025
13.0,102,2,0.6470588235294118,0.46031746031746035,0.5189393939393939,0.04672897196261683
14.0,33,11,0.45454545454545453,0.44172932330827064,0.4595588235294118,-0.07999999999999985
