P,n_cells,n_images,accuracy,macro_f1,balanced_accuracy,quadratic_weighted_kappa
6.0,531,10,0.696798493408663,0.5460454002389487,0.6505939902166318,0.1536131159226588
7.0,176,2,0.7840909090909091,0.5416666666666666,0.5551458263493128,0.08957255649332974
8.0,90,2,0.8111111111111111,0.7108297108297108,0.725624496373892,0.4226415094339623
9.0,67,2,0.6268656716417911,0.5978391356542617,0.6191489361702127,0.21102213848327833
10.0,366,13,0.6775956284153005,0.5990418894830659,0.683945246179966,0.24305945036455423
11.0,200,2,0.73,0.6754417598269022,0.6691176470588236,0.35282837967401726
12.0,116,2,0.7327586206896551,0.6946072186836518,0.6960314745124871,0.38926630434782616
13.0,102,2,0.6274509803921569,0.6056166056166056,0.6111111111111112,0.21411192214111918
14.0,33,11,0.6060606060606061,0.5662285136501517,0.5974264705882353,0.19813084112149526
