P,n_cells,n_images,accuracy,macro_f1,balanced_accuracy,quadratic_weighted_kappa
6.0,511,9,0.6966731898238747,0.5815834376667354,0.6423284183099426,0.19534099336604593
7.0,72,1,0.6388888888888888,0.49946524064171127,0.5097783572359844,0.01577287066246047
8.0,32,1,0.75,0.6666666666666667,0.717948717948718,0.34693877551020413
9.0,54,1,0.7592592592592593,0.693583587952859,0.7473572938689218,0.4
10.0,279,10,0.6236559139784946,0.5777419029361315,0.6261322789360173,0.19326412028750029
11.0,14,1,0.5714285714285714,0.36363636363636365,0.5,0.0
12.0,36,1,0.3888888888888889,0.28,0.5,0.0
13.0,2,1,0.5,0.3333333333333333,0.5,0.0
14.0,37,10,0.5135135135135135,0.4178321678321678,0.4838235294117647,-0.03416149068322971
