P,n_cells,n_images,accuracy,macro_f1,balanced_accuracy,quadratic_weighted_kappa
6.0,511,9,0.8473581213307241,0.5752557544757033,0.5630662639900514,0.17611310926454182
7.0,72,1,0.7777777777777778,0.4920634920634921,0.5045632333767927,0.012006861063464713
8.0,32,1,0.875,0.7142857142857143,0.6666666666666666,0.4482758620689655
9.0,54,1,0.8333333333333334,0.6516129032258065,0.6247357293868921,0.3268698060941828
10.0,279,10,0.8064516129032258,0.6216094032549728,0.606038820992092,0.2814079938948775
11.0,14,1,0.7142857142857143,0.7083333333333333,0.75,0.46153846153846156
12.0,36,1,0.5277777777777778,0.4791489361702128,0.48376623376623373,-0.033783783783783994
13.0,2,1,0.0,0.0,0.0,-1.0
14.0,37,10,0.6486486486486487,0.6391597899474869,0.6661764705882353,0.3196605374823197
