P,n_cells,n_images,accuracy,macro_f1,balanced_accuracy,quadratic_weighted_kappa
6.0,511,9,0.8532289628180039,0.5564082086183548,0.550763901225795,0.15178275014939235
7.0,72,1,0.8055555555555556,0.4461538461538462,0.4915254237288136,-0.02647657841140516
8.0,32,1,0.90625,0.806060606060606,0.75,0.6190476190476191
9.0,54,1,0.8333333333333334,0.6516129032258065,0.6247357293868921,0.3268698060941828
10.0,279,10,0.8064516129032258,0.6140090182414429,0.6006829618979153,0.2710470292239211
11.0,14,1,0.6428571428571429,0.625668449197861,0.6875,0.3396226415094339
12.0,36,1,0.5277777777777778,0.4962962962962963,0.4967532467532467,-0.006578947368421018
13.0,2,1,0.0,0.0,0.0,-1.0
14.0,37,10,0.5945945945945946,0.5836459114778695,0.611764705882353,0.21499292786421498
