P,n_cells,n_images,accuracy,macro_f1,balanced_accuracy,quadratic_weighted_kappa
6.0,531,10,0.911487758945386,0.6453006637199585,0.6058700209643606,0.30414052697616056
7.0,176,2,0.9034090909090909,0.5695583369299382,0.5526315789473684,0.17348066298342546
8.0,90,2,0.8,0.5339470655926352,0.5382755842062852,0.10497237569060791
9.0,67,2,0.7611940298507462,0.5939393939393939,0.6,0.2596685082872928
10.0,366,13,0.8333333333333334,0.5672165468044275,0.5594227504244482,0.16712676266507498
11.0,200,2,0.695,0.5443510737628385,0.5606617647058824,0.14756847400782558
12.0,116,2,0.7241379310344828,0.6034188034188034,0.603489565514882,0.2458350264120276
13.0,102,2,0.7254901960784313,0.6474074074074074,0.6426767676767676,0.32193732193732194
14.0,33,11,0.5757575757575758,0.5722222222222222,0.5790441176470589,0.15693430656934304
