P,n_cells,n_images,accuracy,macro_f1,balanced_accuracy,quadratic_weighted_kappa
6.0,511,9,0.8571428571428571,0.5764151479021178,0.5635844140463078,0.18717451463186108
7.0,72,1,0.8055555555555556,0.5078125,0.5215123859191656,0.06145251396648055
8.0,32,1,0.875,0.7142857142857143,0.6666666666666666,0.4482758620689655
9.0,54,1,0.8148148148148148,0.5896656534954408,0.5792811839323467,0.21739130434782616
10.0,279,10,0.7992831541218638,0.6075949367088608,0.5960100647016535,0.2547934751502433
11.0,14,1,0.7142857142857143,0.7083333333333333,0.75,0.46153846153846156
12.0,36,1,0.6388888888888888,0.5847382431233363,0.5876623376623377,0.1875
13.0,2,1,0.0,0.0,0.0,-1.0
14.0,37,10,0.6216216216216216,0.5849358974358975,0.65,0.2825484764542937
