P,n_cells,n_images,accuracy,macro_f1,balanced_accuracy,quadratic_weighted_kappa
6.0,511,9,0.8532289628180039,0.5728615213151296,0.5612749452241369,0.17762804969637147
7.0,72,1,0.8055555555555556,0.4461538461538462,0.4915254237288136,-0.02647657841140516
8.0,32,1,0.875,0.7142857142857143,0.6666666666666666,0.4482758620689655
9.0,54,1,0.8333333333333334,0.6516129032258065,0.6247357293868921,0.3268698060941828
10.0,279,10,0.8028673835125448,0.602841835546238,0.5929906542056075,0.25215653784297476
11.0,14,1,0.7142857142857143,0.7083333333333333,0.75,0.46153846153846156
12.0,36,1,0.7222222222222222,0.6538461538461539,0.6558441558441559,0.34782608695652173
13.0,2,1,0.5,0.3333333333333333,0.5,0.0
14.0,37,10,0.5945945945945946,0.5836459114778695,0.611764705882353,0.21499292786421498
