P,n_cells,n_images,accuracy,macro_f1,balanced_accuracy,quadratic_weighted_kappa
6.0,531,10,0.9077212806026366,0.6569450853714813,0.6201956673654787,0.3224748066557299
7.0,176,2,0.8977272727272727,0.5975609756097561,0.5725779416694603,0.2146752602875558
8.0,90,2,0.8222222222222222,0.5857307249712314,0.5745366639806607,0.20441988950276258
9.0,67,2,0.7611940298507462,0.5939393939393939,0.6,0.2596685082872928
10.0,366,13,0.8360655737704918,0.5879924953095685,0.5739070458404075,0.20238268197007114
11.0,200,2,0.695,0.4658259993870134,0.5275735294117647,0.07294832826747721
12.0,116,2,0.7155172413793104,0.5111735410547823,0.5540540540540541,0.14170403587443947
13.0,102,2,0.696078431372549,0.5580712788259958,0.5820707070707071,0.1978691019786909
14.0,33,11,0.6363636363636364,0.6278195488721805,0.6415441176470589,0.28
