P,n_cells,n_images,accuracy,macro_f1,balanced_accuracy,quadratic_weighted_kappa
6.0,531,10,0.8531073446327684,0.5842901878914405,0.5815863032844165,0.16871387283237005
7.0,176,2,0.8806818181818182,0.6054232945446781,0.5861548776399598,0.21761219305673163
8.0,90,2,0.8222222222222222,0.6616541353383458,0.6422240128928284,0.3289841565703635
9.0,67,2,0.5970149253731343,0.5726435152374203,0.597872340425532,0.16903996325218185
10.0,366,13,0.4644808743169399,0.45164347959027673,0.6455326825127334,0.13265947671325617
11.0,200,2,0.505,0.5048885999349854,0.5863970588235294,0.13188354963170812
12.0,116,2,0.3793103448275862,0.3348200063714559,0.5443037974683544,0.05839909808342714
13.0,102,2,0.37254901960784315,0.29411764705882354,0.5151515151515151,0.021582733812949617
14.0,33,11,0.5151515151515151,0.34,0.5,0.0
