P,n_cells,n_images,accuracy,macro_f1,balanced_accuracy,quadratic_weighted_kappa
6.0,511,9,0.8610567514677103,0.5880202123431556,0.5711494048676498,0.20944370601181017
7.0,72,1,0.8055555555555556,0.4461538461538462,0.4915254237288136,-0.02647657841140516
8.0,32,1,0.875,0.7142857142857143,0.6666666666666666,0.4482758620689655
9.0,54,1,0.8333333333333334,0.6516129032258065,0.6247357293868921,0.3268698060941828
10.0,279,10,0.8064516129032258,0.6216094032549728,0.606038820992092,0.2814079938948775
11.0,14,1,0.5714285714285714,0.5333333333333333,0.625,0.2222222222222221
12.0,36,1,0.5833333333333334,0.520851818988465,0.5292207792207793,0.0625
13.0,2,1,0.0,0.0,0.0,-1.0
14.0,37,10,0.6216216216216216,0.6145833333333333,0.6367647058823529,0.2642045454545455
