P,n_cells,n_images,accuracy,macro_f1,balanced_accuracy,quadratic_weighted_kappa
6.0,531,10,0.9133709981167608,0.6659098369624685,0.623340321453529,0.3422200678623364
7.0,176,2,0.8863636363636364,0.5528455284552846,0.5430774388199799,0.12741695587506208
8.0,90,2,0.8111111111111111,0.5417789757412399,0.5451248992747784,0.12770809578107178
9.0,67,2,0.746268656716418,0.5538582060321191,0.575,0.19845179451090766
10.0,366,13,0.825136612021858,0.5301668806161746,0.5352292020373515,0.10184049079754609
11.0,200,2,0.695,0.48891960956809516,0.5358455882352942,0.09280190362879237
12.0,116,2,0.7327586206896551,0.5726678550207962,0.588265480670544,0.22299049265341409
13.0,102,2,0.7058823529411765,0.5789763346175014,0.595959595959596,0.22960725075528698
14.0,33,11,0.6363636363636364,0.6333333333333333,0.6397058823529411,0.2773722627737226
