P,n_cells,n_images,accuracy,macro_f1,balanced_accuracy,quadratic_weighted_kappa
6.0,511,9,0.8297455968688845,0.5979543666404405,0.5842067862853082,0.2037504701520606
7.0,72,1,0.7777777777777778,0.4375,0.4745762711864407,-0.07262569832402233
8.0,32,1,0.875,0.762962962962963,0.7307692307692308,0.5294117647058824
9.0,54,1,0.6851851851851852,0.6290909090909091,0.7008456659619451,0.29275808936825887
10.0,279,10,0.45161290322580644,0.4481818064299288,0.5728971962616822,0.08677235094024782
11.0,14,1,0.5714285714285714,0.36363636363636365,0.5,0.0
12.0,36,1,0.3888888888888889,0.28,0.5,0.0
13.0,2,1,0.5,0.3333333333333333,0.5,0.0
14.0,37,10,0.5135135135135135,0.3392857142857143,0.475,-0.053797468354430444
